country,year,tradeUSD
Algeria,2014,1378.0
Algeria,1999,1796553.0
Argentina,1997,2.0
Argentina,1994,10964.0
Australia,2016,56.0
Australia,2015,189.0
Australia,2014,18353.0
Australia,2009,83612.0
Australia,2008,23029.0
Australia,2007,13057.0
Australia,2006,4583.0
Australia,2002,78.0
Australia,2001,4908.0
Australia,2000,34942.0
Australia,1995,175263.0
Australia,1994,121268.0
Australia,1991,543.0
Australia,1989,433.0
Australia,1988,2524.0
Austria,2016,12515.41719459
Austria,2015,3394.0
Austria,2014,6286.0
Austria,2013,4787.0
Austria,2012,3791.0
Austria,2011,4601.0
Austria,2010,23398.0
Austria,2009,2946260.0
Austria,2008,2839.0
Austria,2007,3265.0
Austria,2006,190872.0
Austria,2005,49437.0
Austria,2004,96378.0
Austria,2003,14948.0
Austria,2002,5738.0
Austria,2001,12581.0
Austria,2000,8163.0
Austria,1999,14852.0
Austria,1998,25103.0
Austria,1997,2787.0
Azerbaijan,2008,1355.0
Azerbaijan,1997,19529.0
Bahamas,2010,100.0
Bahamas,2009,60.0
Bahamas,2008,260.0
Bahrain,2016,1.0
Bangladesh,2004,2182.0
Bangladesh,2003,483.0
Barbados,2011,34.0
Belarus,2000,200.0
Belarus,1999,1199.0
Belgium,2017,6334890.385002901
Belgium,2016,3955888.0
Belgium,2015,317787.0
Belgium,2014,773784.0
Belgium,2013,125316.0
Belgium,2012,569236.0
Belgium,2011,371382.0
Belgium,2010,479363.0
Belgium,2009,2720325.0
Belgium,2008,2349672.0
Belgium,2007,648567.0
Belgium,2006,221068.0
Belgium,2005,1783395.0
Belgium,2004,3261647.0
Belgium,2003,108391.0
Belgium,2002,415003.0
Belgium,2001,534094.0
Belgium,2000,626364.0
Belgium,1999,1220990.0
Belgium-Luxembourg,1998,239426.0
Belgium-Luxembourg,1997,292524.0
Belgium-Luxembourg,1996,861123.0
Belgium-Luxembourg,1995,3233128.0
Benin,2016,2554.0
Benin,2015,2893.0
Benin,2014,41193.0
Benin,2013,244.0
Benin,2012,145852.0
Benin,2011,544416.0
Benin,2010,1968426.0
Benin,2009,1822213.0
Benin,2008,1071770.0
Benin,2007,152276.0
Benin,2005,470.0
Benin,2004,921685.0
Benin,2003,1735471.0
Benin,2002,65866.0
Benin,2001,124.0
Benin,2000,18395.0
Benin,1999,48028.0
Benin,1998,1267352.0
Bhutan,2011,2368.0
Bolivia (Plurinational State of),2011,170.0
Bosnia Herzegovina,2005,2042.0
Botswana,2016,22.0
Botswana,2015,16338.0
Botswana,2014,73.0
Botswana,2013,10713.0
Botswana,2012,1742.0
Brazil,2017,57318561.0
Brazil,2016,29242302.0
Brazil,2015,77685245.0
Brazil,2014,83442356.0
Brazil,2013,59140943.0
Brazil,2012,54637805.0
Brazil,2011,49311657.0
Brazil,2010,11276758.0
Brazil,2009,12868495.0
Brazil,2008,3192404.0
Brazil,2007,11941.0
Brazil,2006,9299644.0
Brazil,2005,16267939.0
Brazil,2004,5845576.0
Brazil,2003,19649.0
Brazil,2002,2300533.0
Brazil,2001,6889562.0
Brazil,2000,7433408.0
Brazil,1999,7862253.0
Brazil,1998,15667201.0
Brazil,1997,15316240.0
Brazil,1996,15135873.0
Brazil,1995,11510495.0
Brazil,1994,1539045.0
Brazil,1993,3898.0
Brazil,1992,2499662.0
Brazil,1991,373703.0
Brazil,1990,364949.0
Brazil,1989,1071605.0
Brunei Darussalam,2017,0.216709848
Brunei Darussalam,2007,347.0
Bulgaria,2017,189709.12543024
Bulgaria,2015,12286.0
Bulgaria,2014,75416.0
Bulgaria,2013,7912.0
Bulgaria,2012,11325.0
Bulgaria,2011,1991.0
Bulgaria,2009,218.0
Bulgaria,2008,831963.0
Bulgaria,2007,140969.0
Bulgaria,2004,266.0
Bulgaria,2003,17786.0
Bulgaria,2002,3511.0
Bulgaria,2001,5384.0
Bulgaria,2000,109.0
Bulgaria,1999,3184.0
Burkina Faso,2000,26.0
Burundi,2017,6090.143405
Burundi,2016,6081.0
Burundi,2015,4470.0
Burundi,2014,3805.0
Burundi,2013,259513.0
Burundi,2012,61288.0
Burundi,2011,71.0
Burundi,2010,2662.0
Burundi,2008,8620.0
Burundi,2007,6657.0
Burundi,2006,553.0
Burundi,2005,136.0
Burundi,2004,76058.0
Burundi,2003,3743.0
Burundi,2002,22946.0
Burundi,2001,259.0
Burundi,1999,33193.0
Burundi,1998,23507.0
Burundi,1997,43369.0
Burundi,1996,284029.0
Burundi,1995,501387.0
Burundi,1994,7844.0
Burundi,1993,17676.0
Cambodia,2016,12888546.0
Cambodia,2015,9199022.0
Cambodia,2014,13771598.0
Cambodia,2013,15790177.0
Cambodia,2012,14889577.0
Cambodia,2011,15689702.0
Cambodia,2010,9405757.0
Cambodia,2009,6733357.0
Cambodia,2008,7004395.0
Cambodia,2007,1369688.0
Cambodia,2006,941692.0
Cambodia,2005,686919.0
Cambodia,2004,347087.0
Cambodia,2003,46778.0
Cambodia,2002,5673.0
Cameroon,2017,142958.3952
Cameroon,2016,133830.0
Cameroon,2015,52530.0
Cameroon,2014,32477.0
Cameroon,2013,247846.0
Cameroon,2012,970967.0
Cameroon,2011,975671.0
Cameroon,2010,37894.0
Cameroon,2009,24470.0
Cameroon,2008,29878.0
Cameroon,2007,27663.0
Cameroon,2006,1109728.0
Cameroon,2005,11090224.0
Cameroon,2004,2241.0
Cameroon,2003,594244.0
Cameroon,2002,2035.0
Cameroon,2001,1910236.0
Cameroon,2000,2708055.0
Cameroon,1997,4932587.0
Cameroon,1996,13576206.0
Cameroon,1995,2730587.0
Canada,2017,52303.34969719999
Canada,2016,36005.0
Canada,2015,6261.0
Canada,2014,818.0
Canada,2013,40738.0
Canada,2012,14708.0
Canada,2011,78770.0
Canada,2010,80217.0
Canada,2009,27149.0
Canada,2008,18040.0
Canada,2007,8436.0
Canada,2006,37001.0
Canada,2005,298.0
Canada,2004,42.0
Canada,2003,103.0
Canada,2002,16530.0
Canada,2001,8033.0
Canada,2000,5402.0
Canada,1999,10213.0
Canada,1998,9989.0
Canada,1997,78678.0
Canada,1992,6091.0
Chile,2013,200.0
China,2017,82287.0
China,2016,56992.0
China,2015,13880.0
China,2013,743359.0
China,2012,46828.0
China,2010,2500.0
China,2007,137.0
China,2006,10178.0
China,2005,31521.0
China,2004,101935.0
China,2000,118136.0
China,1999,399690.0
China,1998,408177.0
China,1997,7181695.0
China,1996,228665.0
China,1994,53975.0
China,1993,3071999.0
China,1992,8335.0
"China, Hong Kong SAR",2014,505.0
"China, Hong Kong SAR",2012,43384.0
"China, Hong Kong SAR",2011,2418772.0
"China, Hong Kong SAR",2009,1833.0
"China, Hong Kong SAR",2007,1148.0
"China, Hong Kong SAR",2006,5538.0
"China, Hong Kong SAR",2005,171060.0
"China, Hong Kong SAR",2004,1798.0
"China, Hong Kong SAR",2003,1758166.0
"China, Hong Kong SAR",2002,921273.0
"China, Hong Kong SAR",2001,47258.0
"China, Hong Kong SAR",1999,324555.0
"China, Hong Kong SAR",1998,6000495.0
"China, Hong Kong SAR",1997,25295227.0
"China, Hong Kong SAR",1996,15130242.0
"China, Hong Kong SAR",1995,24611204.0
"China, Hong Kong SAR",1994,14505411.0
"China, Hong Kong SAR",1993,2441024.0
Colombia,2017,332730679.93
Colombia,2016,208585522.0
Colombia,2015,213533741.0
Colombia,2014,168883954.0
Colombia,2013,115674829.0
Colombia,2012,144854419.0
Colombia,2011,154948718.0
Colombia,2010,47365179.0
Colombia,2009,111710889.0
Colombia,2008,251134276.0
Colombia,2007,182428013.0
Colombia,2006,78036382.0
Colombia,2005,78880973.0
Colombia,2004,92657145.0
Colombia,2003,41564856.0
Colombia,2002,25716722.0
Colombia,2001,18478464.0
Colombia,2000,25045633.0
Colombia,1999,39543796.0
Colombia,1998,38889784.0
Colombia,1997,30246356.0
Colombia,1996,11739998.0
Colombia,1995,8868009.0
Colombia,1994,8686920.0
Colombia,1993,1087344.0
Colombia,1992,3443486.0
Colombia,1991,826436.0
Costa Rica,2016,77311906.0
Costa Rica,2015,77508744.0
Costa Rica,2014,97416531.0
Costa Rica,2013,114524144.0
Costa Rica,2012,154880105.0
Costa Rica,2011,162322212.0
Costa Rica,2010,82273062.0
Costa Rica,2009,51818593.0
Costa Rica,2008,109818592.0
Costa Rica,2007,96363696.0
Costa Rica,2006,35027720.0
Costa Rica,2005,47895371.0
Costa Rica,2004,60317764.0
Costa Rica,2003,33035583.0
Costa Rica,2002,25567114.0
Costa Rica,2001,18437747.0
Costa Rica,2000,31958778.0
Costa Rica,1999,40212509.0
Costa Rica,1998,28525820.0
Costa Rica,1997,39928872.0
Costa Rica,1996,30597752.0
Costa Rica,1995,20201234.0
Costa Rica,1994,13348308.0
Côte d'Ivoire,2015,54825675.0
Côte d'Ivoire,2014,125122019.0
Côte d'Ivoire,2013,40336940.0
Côte d'Ivoire,2012,31561916.0
Côte d'Ivoire,2011,72403391.0
Côte d'Ivoire,2010,52576204.0
Côte d'Ivoire,2009,53984342.0
Côte d'Ivoire,2008,13682969.0
Côte d'Ivoire,2007,6700646.0
Côte d'Ivoire,2006,5972170.0
Côte d'Ivoire,2005,12787475.0
Côte d'Ivoire,2004,11039961.0
Côte d'Ivoire,2003,1052686.0
Côte d'Ivoire,2002,4045445.0
Côte d'Ivoire,2001,2128417.0
Côte d'Ivoire,2000,3666017.0
Côte d'Ivoire,1999,19233668.0
Côte d'Ivoire,1998,30148988.0
Côte d'Ivoire,1997,13386079.0
Côte d'Ivoire,1996,44371824.0
Côte d'Ivoire,1995,58105928.0
Croatia,2017,123367.0
Croatia,2016,83596.0
Croatia,2015,85347.0
Croatia,2014,32148.0
Croatia,2013,8815.0
Croatia,2011,4683.0
Croatia,2005,12520.0
Croatia,2004,72580.0
Croatia,2003,56373.0
Croatia,2002,7080.0
Croatia,1992,2272.0
Czech Rep.,2017,123937.0
Czech Rep.,2016,31463.0
Czech Rep.,2015,21760.0
Czech Rep.,2014,48927.0
Czech Rep.,2013,25044.0
Czech Rep.,2012,31604.0
Czech Rep.,2011,73.0
Czech Rep.,2010,20215.0
Czech Rep.,2009,40192.0
Czech Rep.,2008,76812.0
Czech Rep.,2007,42318.0
Czech Rep.,2006,25628.0
Czech Rep.,1999,926.0
Czech Rep.,1998,937.0
Czech Rep.,1997,769.0
Czech Rep.,1996,277265.0
Czech Rep.,1995,535335.0
Czech Rep.,1994,13157.0
Czech Rep.,1993,102.0
Denmark,2017,708765.01122
Denmark,2016,1178181.0
Denmark,2015,121529.0
Denmark,2014,181952.0
Denmark,2013,97828.0
Denmark,2012,60340.0
Denmark,2011,334832.0
Denmark,2010,134613.0
Denmark,2009,110327.0
Denmark,2008,200852.0
Denmark,2007,80784.0
Denmark,2006,1145311.0
Denmark,2005,7593.0
Denmark,2004,107003.0
Denmark,2003,154960.0
Denmark,2002,46827.0
Denmark,2000,1691.0
Denmark,1999,85916.0
Denmark,1994,21060.0
Denmark,1992,33819.0
Denmark,1991,75523.0
Denmark,1990,18419.0
Denmark,1989,44719.0
Djibouti,2009,683857.0
Dominican Rep.,2017,53322.95
Dominican Rep.,2016,266982.0
Dominican Rep.,2015,23700.0
Dominican Rep.,2014,20340.0
Dominican Rep.,2013,83091.0
Dominican Rep.,2012,151386.0
Dominican Rep.,2011,384147.0
Dominican Rep.,2010,216961.0
Dominican Rep.,2009,34272.0
Ecuador,2017,162902636.58
Ecuador,2016,180035231.0
Ecuador,2015,165991510.0
Ecuador,2014,164321163.0
Ecuador,2013,140171686.0
Ecuador,2012,212422714.0
Ecuador,2011,220460113.0
Ecuador,2010,91331554.0
Ecuador,2009,94302415.0
Ecuador,2008,149197765.0
Ecuador,2007,101553868.0
Ecuador,2006,46684872.0
Ecuador,2005,36218681.0
Ecuador,2004,19780762.0
Ecuador,2003,17830264.0
Ecuador,2002,7163377.0
Ecuador,2001,212158.0
Ecuador,2000,2368579.0
Ecuador,1999,21345670.0
Ecuador,1998,7487342.0
Ecuador,1997,6212070.0
Ecuador,1996,10991138.0
Ecuador,1995,8405929.0
Ecuador,1994,3354765.0
Ecuador,1993,4816249.0
Ecuador,1992,410000.0
Egypt,2017,738914.950239032
Egypt,2016,445475.0
Egypt,2015,410195.0
Egypt,2014,481276.0
Egypt,2013,1556534.0
Egypt,2012,1951375.0
Egypt,2011,8558178.0
Egypt,2010,6030923.0
Egypt,2009,10579504.0
Egypt,2008,2022697.0
Egypt,2005,140473.0
Egypt,2004,181258.0
Egypt,2003,30904.0
Egypt,2002,140381.0
Egypt,2001,84398.0
Egypt,1998,7379.0
Egypt,1996,1781.0
Egypt,1995,25218.0
Egypt,1994,32748.0
El Salvador,2017,10451.76
El Salvador,2015,142380.0
El Salvador,2012,20979.0
El Salvador,2010,42320.0
El Salvador,2008,27241.0
El Salvador,2007,88000.0
El Salvador,2006,11608.0
El Salvador,2005,65683.0
El Salvador,2004,54464.0
El Salvador,2003,40049.0
El Salvador,2002,395466.0
El Salvador,2001,298696.0
El Salvador,2000,561544.0
El Salvador,1999,224445.0
El Salvador,1998,25033.0
El Salvador,1997,70432.0
El Salvador,1996,248735.0
El Salvador,1995,298257.0
Estonia,2016,4.42831492
Estonia,2015,88.0
Estonia,2006,2635.0
Estonia,2005,13423.0
Estonia,2001,34774.0
Estonia,2000,193.0
Estonia,1999,238.0
Estonia,1998,24171.0
Estonia,1995,118240.0
EU-28,2017,1639085.00180076
EU-28,2016,2848676.5243104
EU-28,2015,1571318.0
EU-28,2014,2151492.0
EU-28,2013,4287790.0
EU-28,2012,4846809.0
EU-28,2011,2655125.0
EU-28,2010,10966269.0
EU-28,2009,1901333.0
EU-28,2008,2582955.0
EU-28,2007,1607314.0
EU-28,2006,1323010.0
EU-28,2005,881250.0
EU-28,2004,900038.0
EU-28,2003,742210.0
EU-28,2002,1404432.0
EU-28,2001,834304.0
EU-28,2000,1345548.0
Fiji,2017,876.2970240000001
Fiji,2014,1414711.0
Fiji,2013,963246.0
Fiji,2012,1047128.0
Finland,2017,1.129772
Finland,2015,180.0
Finland,2014,936.0
Finland,2013,1.0
Finland,2002,738.0
Finland,1997,175.0
Finland,1995,4814.0
Fmr Fed. Rep. of Germany,1990,758000.0
Fmr Fed. Rep. of Germany,1989,601000.0
Fmr Fed. Rep. of Germany,1988,802000.0
Fmr Sudan,2009,1.0
France,2017,510969.9704873
France,2016,68658.0
France,2015,149615.0
France,2014,116248.0
France,2013,224226.0
France,2012,160850.0
France,2011,221108.0
France,2010,805941.0
France,2009,636311.0
France,2008,464662.0
France,2007,3532040.0
France,2006,144364.0
France,2005,73410.0
France,2004,228834.0
France,2003,55461.0
France,2002,64198.0
France,2001,67156.0
France,2000,32726.0
France,1999,154992.0
France,1998,655965.0
France,1997,289987.0
France,1996,77977.0
France,1995,2515883.0
France,1994,1085973.0
French Polynesia,2012,2669.0
Gabon,2009,1755745.0
Gabon,2008,22.0
Gabon,2007,495873.0
Gabon,2006,1805679.0
Gabon,2005,149855.0
Gabon,2002,893613.0
Gabon,2001,28900.0
Gabon,2000,2506.0
Gabon,1998,1656361.0
Gabon,1997,4232456.0
Gabon,1996,3006738.0
Gabon,1993,766296.0
Gambia,2003,1680.0
Gambia,2000,219.0
Gambia,1995,5659.0
Georgia,2017,10359.61
Georgia,2006,11009.0
Georgia,1999,11291.0
Germany,2017,5392338.901605001
Germany,2016,20221814.0
Germany,2015,7636413.0
Germany,2014,37186492.0
Germany,2013,55520535.0
Germany,2012,41357958.0
Germany,2011,47076824.0
Germany,2010,21190991.0
Germany,2009,5454000.0
Germany,2008,7551000.0
Germany,2007,4038000.0
Germany,2006,2352000.0
Germany,2005,8826000.0
Germany,2004,8611000.0
Germany,2003,4662000.0
Germany,2002,3159000.0
Germany,2001,3022000.0
Germany,2000,628000.0
Germany,1999,862088.0
Germany,1998,769000.0
Germany,1997,2558344.0
Germany,1996,263793.0
Germany,1995,3018000.0
Germany,1994,476000.0
Germany,1993,2012000.0
Germany,1992,889000.0
Germany,1991,1296000.0
Ghana,2017,2097014.52443017
Ghana,2016,5011532.0
Ghana,2013,31850931.0
Ghana,2012,24689599.0
Ghana,2011,7296114.0
Ghana,2010,8732552.0
Ghana,2009,4712169.0
Ghana,2008,696061.0
Ghana,2007,120479.0
Ghana,2006,372214.0
Ghana,2005,835377.0
Ghana,2003,1429791.0
Ghana,2001,7628179.0
Ghana,2000,3920840.0
Ghana,1999,5334815.0
Ghana,1998,14603635.0
Ghana,1997,7378050.0
Ghana,1996,10261242.0
Greece,2017,222.60724199999999
Greece,2016,3842.0
Greece,2015,841.0
Greece,2014,13001.0
Greece,2013,1760.0
Greece,2012,103150.0
Greece,2011,11009.0
Greece,2010,9457.0
Greece,2009,297366.0
Greece,2008,112115.0
Greece,2007,5452277.0
Greece,2006,18979.0
Greece,2005,221459.0
Greece,2004,15231.0
Greece,2003,4500.0
Greece,2002,669.0
Greece,2001,312.0
Greece,2000,170789.0
Greece,1999,45017.0
Greece,1998,73261.0
Greece,1997,6515.0
Greece,1996,384700.0
Greece,1993,6171.0
Greece,1992,20841.0
Guatemala,2016,338498732.0
Guatemala,2015,247219062.0
Guatemala,2014,257000150.0
Guatemala,2013,238478626.0
Guatemala,2012,213303327.0
Guatemala,2011,176011298.0
Guatemala,2010,90263399.0
Guatemala,2009,74536304.0
Guatemala,2008,138545167.0
Guatemala,2007,64280834.0
Guatemala,2006,33058280.0
Guatemala,2005,23878086.0
Guatemala,2004,29225214.0
Guatemala,2003,25225572.0
Guatemala,2002,16772832.0
Guatemala,2001,9649468.0
Guatemala,1999,10814691.0
Guatemala,1998,8465682.0
Guatemala,1997,5421673.0
Guatemala,1996,2333663.0
Guatemala,1995,470104.0
Guatemala,1994,936000.0
Guatemala,1993,117375.0
Guinea,2015,99830.0
Guinea,2014,61490.0
Guinea,2013,76169.0
Guinea,2008,9787.0
Guinea,2007,1727.0
Guinea,2006,4886396.0
Guinea,2005,63878.0
Guinea,2004,4260.0
Guinea,2002,3844.0
Guinea,2001,3333.0
Guinea,2000,11394.0
Guinea,1998,1384.0
Guinea,1997,262300.0
Guinea,1995,3404.0
Guinea-Bissau,2005,304.0
Guinea-Bissau,2004,3012.0
Guinea-Bissau,2003,1897.0
Guyana,2004,4048.0
Honduras,2017,282841549.32
Honduras,2016,223421741.0
Honduras,2015,166563175.0
Honduras,2014,169725104.0
Honduras,2012,199418963.0
Honduras,2011,76493686.0
Honduras,2010,96341289.0
Honduras,2009,103078925.0
Honduras,2007,77600110.0
Honduras,2006,44499379.0
Honduras,2005,42491127.0
Honduras,2004,34799532.0
Honduras,2003,37449714.0
Honduras,2002,20279460.0
Honduras,2001,18829614.0
Honduras,2000,12342801.0
Honduras,1999,17799544.0
Honduras,1998,22610860.0
Honduras,1997,127161.0
Honduras,1996,1433652.0
Honduras,1995,1392877.0
Honduras,1994,2177836.0
Hungary,2017,21716.0
Hungary,2016,7298.0
Hungary,2015,8777.0
Hungary,2014,7126.0
Hungary,2013,9295.0
Hungary,2012,8059.0
Hungary,2010,30000.0
Hungary,2009,25000.0
Iceland,2008,9.0
Iceland,1997,317.0
India,2017,10.88835406
India,2016,345.0
India,2015,2266.0
India,2014,38018.0
India,2013,72.0
India,2011,836.0
India,2010,29729.0
India,2006,1026396.0
India,2004,801940.0
India,2003,4650.0
India,2002,346.0
India,2001,3794155.0
India,2000,78290.0
India,1999,4521.0
India,1998,2527.0
India,1997,81886.0
India,1993,576.0
India,1992,11518.0
India,1991,25030.0
India,1989,74049.0
India,1988,110116.0
Indonesia,2017,4698225492.99
Indonesia,2016,3305575089.0
Indonesia,2015,4388094011.0
Indonesia,2014,4206741340.0
Indonesia,2013,4978532881.0
Indonesia,2012,6676503846.0
Indonesia,2011,8777015600.0
Indonesia,2010,7649965932.0
Indonesia,2009,5702126189.0
Indonesia,2008,6561330490.0
Indonesia,2007,3738651552.0
Indonesia,2006,1993666661.0
Indonesia,2005,1593295437.0
Indonesia,2004,1444421828.0
Indonesia,2003,1062214890.0
Indonesia,2002,891998644.0
Indonesia,2001,406409025.0
Indonesia,2000,476438245.0
Indonesia,1999,269987263.0
Indonesia,1998,220634416.0
Indonesia,1997,699055744.0
Indonesia,1996,487032032.0
Indonesia,1995,590496000.0
Indonesia,1994,579152576.0
Indonesia,1993,413320832.0
Indonesia,1992,332743712.0
Indonesia,1991,308429408.0
Indonesia,1990,164898144.0
Indonesia,1989,200444992.0
Ireland,2017,9993.9192079
Ireland,2016,15939.61044
Ireland,2015,14480.6715
Ireland,2014,4825.01804
Ireland,2013,5391.00144
Ireland,2012,4148.53439
Ireland,2011,99595.73638999999
Ireland,2010,40861.57755
Ireland,2009,113763.0
Ireland,2008,2801982.0
Ireland,2007,1872502.0
Ireland,2006,1154416.0
Ireland,2005,982680.0
Ireland,2004,249117.0
Ireland,2003,414.0
Ireland,2002,309.0
Ireland,2001,54976.0
Ireland,2000,21091.0
Ireland,1999,57763.0
Ireland,1998,6616.0
Ireland,1997,20768.0
Ireland,1993,2312.0
Israel,2017,1000.0
Israel,2014,1000.0
Israel,2012,15000.0
Israel,2011,3000.0
Israel,2010,1000.0
Israel,2001,1000.0
Italy,2017,1067848.263059
Italy,2016,1272923.0
Italy,2015,2159150.0
Italy,2014,1746028.0
Italy,2013,1854922.0
Italy,2012,7195092.0
Italy,2011,5711730.0
Italy,2010,1572232.0
Italy,2009,1252000.0
Italy,2008,2073937.0
Italy,2007,922638.0
Italy,2006,455918.0
Italy,2005,102490.0
Italy,2004,211401.0
Italy,2003,198147.0
Italy,2002,205481.0
Italy,2001,277496.0
Italy,2000,679000.0
Italy,1999,195688.0
Italy,1998,147489.0
Italy,1997,141238.0
Italy,1996,375658.0
Italy,1995,463338.0
Italy,1994,277862.0
Japan,2014,78188.0
Japan,2013,33343.0
Japan,2012,10310.0
Japan,2005,54242.0
Japan,2003,13923.0
Japan,2002,172261.0
Japan,2001,21526.0
Japan,1997,24583.0
Japan,1995,15591.0
Japan,1993,28250.0
Japan,1989,230725.0
Japan,1988,8086.0
Jordan,2017,120359.180205
Jordan,2015,11401.0
Jordan,2013,5010.0
Jordan,2012,149037.0
Jordan,2010,34423.0
Jordan,2009,16627.0
Jordan,2008,95977.0
Jordan,2007,970822.0
Jordan,2006,435536.0
Jordan,2003,45001.0
Jordan,2001,557396.0
Jordan,2000,35261.0
Jordan,1999,998464.0
Jordan,1997,5621059.0
Jordan,1995,5764117.0
Kazakhstan,2012,72000.0
Kazakhstan,2009,4275.0
Kenya,2017,19192458.6296447
Kenya,2013,15203.0
Kenya,2010,14962.0
Kenya,2009,695065.0
Kenya,2008,54491.0
Kenya,2007,36240.0
Kenya,2006,251435.0
Kenya,2005,112477.0
Kenya,2004,176123.0
Kenya,2003,4962761.0
Kenya,2002,148530.0
Kenya,2001,2273853.0
Kenya,2000,677101.0
Kenya,1999,147556.0
Kenya,1998,40353.0
Kenya,1997,23117.0
Kenya,1992,4179.0
Kuwait,2016,5523.0
Kuwait,2015,24919.0
Kuwait,2008,14629.0
Kuwait,2006,58180.0
Kyrgyzstan,2016,290.0
Latvia,2017,104196.17437614
Latvia,2016,69556.0
Latvia,2015,21.0717296
Latvia,2013,5442.0
Latvia,2012,435.0
Latvia,2011,8430.0
Latvia,2010,3229.0
Lebanon,2012,25393.0
Lebanon,2011,29851.0
Lebanon,2010,1466.0
Lebanon,2006,1028.0
Lebanon,2003,4198.0
Lithuania,2017,15448.0
Lithuania,2016,10515.0
Lithuania,2015,12510.0
Lithuania,2014,6070.0
Lithuania,2013,84.0
Lithuania,2012,2643.0
Lithuania,2011,16237.0
Lithuania,2010,3888.0
Lithuania,2009,1681.0
Lithuania,2008,57.0
Lithuania,2003,66.0
Lithuania,2002,195.0
Lithuania,2000,212.0
Lithuania,1999,2726.0
Lithuania,1994,2461.0
Luxembourg,2017,20993.142367436998
Luxembourg,2016,25.0
Luxembourg,2015,93.0
Luxembourg,2014,247.0
Luxembourg,2005,102.0
Luxembourg,2004,107.0
Luxembourg,2002,45.0
Madagascar,2017,662175.92409527
Madagascar,2016,722258.0961264
Madagascar,2015,640700.0
Madagascar,2014,721200.0
Madagascar,2013,219048.0
Madagascar,2012,433185.0
Madagascar,2011,935052.0
Madagascar,2010,520863.0
Madagascar,2009,82750.0
Madagascar,2008,455302.0
Madagascar,2007,188066.0
Madagascar,2006,166718.0
Madagascar,2005,32710.0
Madagascar,2002,96258.0
Madagascar,2001,46041.0
Madagascar,2000,58820.0
Madagascar,1999,91004.0
Madagascar,1997,16328.0
Madagascar,1996,18759.0
Madagascar,1995,18219.0
Madagascar,1994,13234.0
Madagascar,1993,6951.0
Madagascar,1992,17525.0
Malaysia,2017,1868891714.64506
Malaysia,2016,2335674952.0
Malaysia,2015,3076580116.0
Malaysia,2014,3428710388.0
Malaysia,2013,2986345133.0
Malaysia,2012,4468118528.0
Malaysia,2011,3796528454.0
Malaysia,2010,2312971826.0
Malaysia,2009,1675850018.0
Malaysia,2008,1879389747.0
Malaysia,2007,1259850331.0
Malaysia,2006,924627185.0
Malaysia,2005,566651817.0
Malaysia,2004,539812095.0
Malaysia,2003,512074232.0
Malaysia,2002,391672195.0
Malaysia,2001,285514649.0
Malaysia,2000,95519863.0
Malaysia,1999,98422331.0
Malaysia,1998,22243728.0
Malaysia,1997,14759839.0
Malaysia,1996,39023510.0
Malaysia,1995,12590638.0
Malaysia,1994,26968336.0
Malaysia,1993,21078160.0
Malaysia,1992,25336989.0
Malaysia,1991,35714234.0
Malaysia,1990,27197010.0
Malaysia,1989,5702424.0
Mali,2017,22809.481947
Mali,2012,14064.0
Mali,2011,119142.0
Mali,2010,515473.0
Mali,2008,142884.0
Mali,2007,16957.0
Mali,2005,209922.0
Malta,2000,143.0
Mauritius,2004,277.0
Mexico,2017,1550.0
Mexico,2016,54455.0
Mexico,2015,1509163.0
Mexico,2014,30240.0
Mexico,2013,20590.0
Mexico,2012,190.0
Mexico,2005,22680.0
Mexico,2004,232760.0
Mexico,1990,3429.0
Morocco,2016,3503.0
Morocco,2011,34667.0
Morocco,2010,62425.0
Mozambique,2017,5327351.55
Mozambique,2016,26869.08
Mozambique,2015,5447088.0
Mozambique,2012,97382.0
Mozambique,2011,583000.0
Mozambique,2010,23375.0
Mozambique,2009,585138.0
Mozambique,2007,168657.0
Mozambique,2006,116985.0
Mozambique,2003,225131.0
Myanmar,2017,8908.8
Myanmar,2016,4710.0
Namibia,2008,91.0
Namibia,2006,1206.0
Namibia,2004,77923.0
Namibia,2003,7955.0
Namibia,2002,88.0
Netherlands,2017,115535775.616797
Netherlands,2016,131748053.0
Netherlands,2015,90349464.0
Netherlands,2014,111699968.0
Netherlands,2013,87960647.0
Netherlands,2012,97051236.0
Netherlands,2011,131347266.0
Netherlands,2010,88104390.0
Netherlands,2009,105502887.0
Netherlands,2008,201809724.0
Netherlands,2007,61733196.0
Netherlands,2006,42007037.0
Netherlands,2005,31217300.0
Netherlands,2004,47173760.0
Netherlands,2003,24792163.0
Netherlands,2002,24355821.0
Netherlands,2001,32702981.0
Netherlands,2000,21420352.0
Netherlands,1999,36856322.0
Netherlands,1998,15967684.0
Netherlands,1997,9935312.0
Netherlands,1996,4051319.0
Netherlands,1995,2722631.0
Netherlands,1994,3304377.0
Netherlands,1993,13964925.0
Netherlands,1992,660833.0
New Zealand,2004,1722.0
New Zealand,2003,152.0
New Zealand,1989,1546.0
Nicaragua,2017,18238756.66
Nicaragua,2016,19856766.12
Nicaragua,2015,20587881.0
Nicaragua,2014,20946173.0
Nicaragua,2013,14678833.0
Nicaragua,2012,16332798.0
Nicaragua,2011,21619544.0
Nicaragua,2010,3045429.0
Nicaragua,2008,11405181.0
Nicaragua,2007,442184.0
Nicaragua,2006,764407.0
Nicaragua,2005,633370.0
Nicaragua,2004,683520.0
Nicaragua,2003,899990.0
Nicaragua,2002,211740.0
Nicaragua,2001,700.0
Niger,2010,203004.0
Niger,2009,208959.0
Niger,2006,14122.0
Niger,2005,60832.0
Niger,2004,7423.0
Niger,2003,533814.0
Niger,2000,338.0
Niger,1997,12.0
Nigeria,2017,2693944.3379319
Nigeria,2014,84.0
Nigeria,2013,10492774.0
Nigeria,2012,33604.0
Nigeria,2010,127790.0
Nigeria,2009,2200.0
Nigeria,2008,540944.0
Nigeria,2007,21343.0
Nigeria,2000,16416.0
Nigeria,1997,612864.0
Norway,2014,2871.0
Norway,2011,867.0
Norway,2005,12659.0
Norway,2004,11054.0
Norway,2002,846.0
Norway,1999,300.0
Norway,1994,11230.0
Norway,1993,2252.0
Oman,2017,330941.45266
Oman,2015,121777.0
Oman,2010,504324.0
"Other Asia, nes",2016,259160.0
"Other Asia, nes",2015,52041.0
"Other Asia, nes",2014,43781.0
"Other Asia, nes",2013,50684.0
"Other Asia, nes",2012,31616.0
"Other Asia, nes",2011,32932.0
"Other Asia, nes",2010,13373.0
"Other Asia, nes",2009,19988.0
"Other Asia, nes",2008,27288.0
"Other Asia, nes",2007,19914.0
"Other Asia, nes",2006,36373.0
"Other Asia, nes",2005,28589.0
"Other Asia, nes",2004,41648.0
"Other Asia, nes",2003,55700.0
"Other Asia, nes",2002,26037.0
"Other Asia, nes",2001,22306.0
"Other Asia, nes",2000,45514.0
"Other Asia, nes",1999,21637.0
"Other Asia, nes",1998,8681.0
"Other Asia, nes",1997,9536.0
Panama,2016,9573547.0
Panama,2011,15014649.0
Panama,2010,2590869.0
Panama,2009,2114091.0
Panama,2008,1896387.0
Panama,2007,1546621.0
Panama,2006,604388.0
Panama,2005,1489325.0
Panama,2004,2624896.0
Panama,2003,1551552.0
Panama,2002,2184993.0
Panama,2001,1443503.0
Panama,1999,772750.0
Panama,1998,1510310.0
Panama,1997,1288274.0
Panama,1996,942587.0
Papua New Guinea,2012,458726630.0
Papua New Guinea,2011,586861486.0
Papua New Guinea,2004,103110757.0
Papua New Guinea,2003,116105262.0
Papua New Guinea,2002,73743192.0
Papua New Guinea,2001,73663468.0
Papua New Guinea,2000,143423560.0
Papua New Guinea,1998,310942592.0
Paraguay,2000,83120.0
Paraguay,1996,47610.0
Paraguay,1994,390875.0
Paraguay,1993,219000.0
Paraguay,1992,177000.0
Paraguay,1991,26340.0
Paraguay,1990,57124.0
Paraguay,1989,528429.0
Peru,2017,20589018.53
Peru,2016,23493788.5
Peru,2015,12139206.51
Peru,2014,47792413.51
Peru,2013,20556321.21
Peru,2010,21913.68
Peru,2008,22336.0
Peru,2000,2531369.0
Peru,1999,2399430.0
Peru,1996,1116049.0
Peru,1995,3629574.0
Peru,1994,3513518.0
Peru,1992,27.0
Philippines,2017,14044497.0
Philippines,2016,17458696.0
Philippines,2015,12008972.0
Philippines,2014,35991473.0
Philippines,2013,49732463.0
Philippines,2012,27838297.0
Philippines,2011,1452100.0
Philippines,2010,2660750.0
Philippines,2004,2376.0
Poland,2017,2604.0
Poland,2016,67777.0
Poland,2015,8779.0
Poland,2014,546808.0
Poland,2013,35975.0
Poland,2012,25021.0
Poland,2011,50542.0
Poland,2010,685020.0
Poland,2009,17635.0
Poland,2008,1259936.0
Poland,2007,20842.0
Poland,2006,14468.0
Poland,2005,2339.0
Poland,2004,74.0
Portugal,2017,1255456.701709
Portugal,2016,492072.17202432
Portugal,2015,165078.0
Portugal,2014,37076.0
Portugal,2013,7908.0
Portugal,2012,43364.0
Portugal,2011,969.0
Portugal,2010,3909.0
Portugal,2009,20397.0
Portugal,2007,559.0
Portugal,2006,1096.0
Portugal,2005,5767.0
Portugal,2004,672.0
Portugal,2003,5175.0
Portugal,2002,1413.0
Portugal,2001,3210.0
Portugal,2000,2169.0
Portugal,1999,2605.0
Portugal,1998,24786.0
Portugal,1997,832.0
Portugal,1996,1617.0
Portugal,1995,1746.0
Portugal,1994,2305.0
Portugal,1993,12480.0
Portugal,1992,10662.0
Portugal,1991,17099.0
Portugal,1990,15002.0
Portugal,1989,28483.0
Portugal,1988,85558.0
Qatar,2015,23713.0
Romania,2015,6952.0
Romania,2014,27702.0
Romania,2012,4675.0
Romania,2011,12246.0
Romania,2010,185521.0
Romania,2009,161765.0
Romania,2008,38137.0
Romania,2006,31224.0
Romania,2005,3409.0
Russian Federation,2017,37891.0
Russian Federation,2016,5558.0
Russian Federation,2014,174.0
Russian Federation,2012,17161.0
Russian Federation,2011,24145.0
Russian Federation,2010,129545.0
Russian Federation,2003,7428.0
Russian Federation,2002,45199.0
Russian Federation,2000,781.0
Russian Federation,1999,153011.0
Russian Federation,1997,26348.0
Russian Federation,1996,8176.0
Rwanda,2016,19.0
Rwanda,2014,768.0
Rwanda,2010,2455.0
Rwanda,2009,10583.0
Rwanda,2008,901.0
Rwanda,2001,17921.0
Samoa,2014,87.0
Samoa,2010,189.0
Samoa,2009,56.0
Samoa,2008,122.0
Samoa,2006,29.0
Samoa,2005,38850.0
Samoa,2001,6042.0
Sao Tome and Principe,2007,3519.0
Saudi Arabia,2016,38400.04
Saudi Arabia,2013,34133.0
Saudi Arabia,2011,29600.0
Saudi Arabia,2008,73867.0
Saudi Arabia,2007,177430.0
Saudi Arabia,2006,139653.0
Saudi Arabia,2005,324831.0
Saudi Arabia,2004,85867.0
Saudi Arabia,2003,578667.0
Saudi Arabia,2002,49333.0
Saudi Arabia,2001,28267.0
Saudi Arabia,1996,37549.0
Saudi Arabia,1993,37005.0
Saudi Arabia,1992,22347.0
Saudi Arabia,1991,442.0
Senegal,2017,63503.37667548
Senegal,2016,2409.0
Senegal,2015,606.0
Senegal,2014,3307.0
Senegal,2013,2428.0
Senegal,2012,3672.0
Senegal,2011,575067.0
Senegal,2010,360245.99973445
Senegal,2009,298397.0
Senegal,2008,5581.0
Senegal,2007,941.0
Senegal,2006,2680.0
Senegal,2005,3901.0
Senegal,2004,516.0
Senegal,2003,59445.0
Senegal,2002,21362.0
Senegal,2001,4415.0
Senegal,2000,29872.0
Senegal,1999,308289.0
Senegal,1998,882516.0
Senegal,1997,555188.0
Senegal,1996,582860.0
Serbia,2017,57.0
Serbia,2014,45.0
Serbia,2013,1626.0
Serbia,2009,3565.0
Serbia,2008,6678.0
Serbia,2007,1254.0
Sierra Leone,2017,915500.68289573
Sierra Leone,2016,412892.0
Sierra Leone,2015,117427.0
Sierra Leone,2014,20577.0
Sierra Leone,2002,2385.0
Singapore,2017,92771.36056986
Singapore,2016,88215.5488603
Singapore,2015,236749.0
Singapore,2014,55854.0
Singapore,2013,28048.0
Singapore,2012,5764697.0
Singapore,2011,5818.0
Singapore,2010,161905.0
Singapore,2009,222662.0
Singapore,2008,123523.0
Singapore,2007,140112.0
Singapore,2006,283856.0
Singapore,2005,299089.0
Singapore,2004,51239.0
Singapore,2003,141011.0
Singapore,2002,182100.0
Singapore,2001,635888.0
Singapore,2000,1368317.0
Singapore,1999,5825303.0
Singapore,1998,12232555.0
Singapore,1997,9524123.0
Singapore,1996,5049736.0
Singapore,1995,666517.0
Singapore,1994,3591880.0
Singapore,1993,3444501.0
Singapore,1992,10479031.0
Singapore,1991,18915344.0
Singapore,1990,12902324.0
Singapore,1989,17478408.0
Slovakia,2015,3248.0
Slovakia,2010,756.0
Slovakia,2002,13071.0
Slovakia,1998,163.0
Slovakia,1997,38566.0
Slovakia,1994,2313.0
Slovenia,2017,9939.93
Slovenia,2016,104.59
Slovenia,2015,30492.0
Slovenia,2012,83.0
Slovenia,2009,443.0
Slovenia,2001,6964.0
Slovenia,2000,3006.0
So. African Customs Union,1999,305096.0
So. African Customs Union,1998,827094.0
So. African Customs Union,1997,2790.0
So. African Customs Union,1995,20682.0
So. African Customs Union,1994,6324.0
So. African Customs Union,1993,30641.0
So. African Customs Union,1992,95921.0
Solomon Isds,2017,26392974.9800145
Solomon Isds,2016,25786341.0
Solomon Isds,2015,21258079.0
Solomon Isds,2014,25447005.0
Solomon Isds,2013,26385383.0
South Africa,2017,3595358.41800046
South Africa,2016,182891.0
South Africa,2015,109361.63342079999
South Africa,2014,239803.58795749999
South Africa,2013,489283.30019382
South Africa,2012,642682.28475528
South Africa,2011,408965.28845466
South Africa,2010,114436.93024219999
South Africa,2009,96239.0
South Africa,2007,37573.0
South Africa,2006,58617.0
South Africa,2005,79.0
South Africa,2004,171312.0
South Africa,2003,156361.0
South Africa,2002,274305.0
South Africa,2001,1042971.0
South Africa,2000,361637.0
Spain,2017,9927176.49003313
Spain,2016,3612401.0
Spain,2015,1261735.0
Spain,2014,3614511.0
Spain,2013,2761041.0
Spain,2012,7064171.0
Spain,2011,6231593.0
Spain,2010,4588017.0
Spain,2009,5647817.0
Spain,2008,4998978.0
Spain,2007,4327986.0
Spain,2006,2992906.0
Spain,2005,2877925.0
Spain,2004,2198311.0
Spain,2003,821758.0
Spain,2002,343951.0
Spain,2001,231471.0
Spain,2000,747666.0
Spain,1999,27059.0
Spain,1998,2232.0
Spain,1997,146801.0
Spain,1996,28161.0
Spain,1995,441957.0
Spain,1994,152500.0
Spain,1993,68536.0
Spain,1992,12198.0
Sri Lanka,2008,7771030.0
Sri Lanka,2007,10103293.0
Sri Lanka,2006,5651968.0
Sri Lanka,2005,5209824.0
Sri Lanka,2004,3545279.0
Sri Lanka,2003,1755568.0
Sri Lanka,2002,326802.0
Sri Lanka,1999,1222.0
Suriname,2017,8925.92
Suriname,2002,327.0
Suriname,2000,1.0
Swaziland,2005,16687.0
Swaziland,2004,5657.0
Swaziland,2003,5362.0
Swaziland,2000,4374.0
Sweden,2017,1640.3514400000001
Sweden,2013,614.0
Sweden,2012,5019.0
Sweden,2011,30526.0
Sweden,2010,139.0
Sweden,2009,131.0
Sweden,2008,1540.0
Sweden,2007,20320.0
Sweden,2006,3938.0
Sweden,2005,1474.0
Sweden,2004,136.0
Sweden,2003,9177.0
Sweden,2000,11022.0
Sweden,1998,1590302.0
Sweden,1997,3236841.0
Sweden,1996,949745.0
Sweden,1995,766014.0
Sweden,1994,107322.0
Sweden,1993,393093.0
Sweden,1992,330087.0
Switzerland,2017,97.49455968
Switzerland,2014,33492.0
Switzerland,2011,3698.0
Switzerland,2010,84.0
Switzerland,2008,1278.0
Switzerland,2007,16789.0
Switzerland,2006,21923.0
Switzerland,2005,1562.0
Switzerland,2004,15591.0
Switzerland,2003,158.0
Switzerland,2002,144.0
Switzerland,2001,85.0
Switzerland,1996,809.0
Switzerland,1989,799.0
Switzerland,1988,1337.0
Syria,2010,9822.0
TFYR of Macedonia,2017,10604.88
TFYR of Macedonia,2016,30683.0
TFYR of Macedonia,2015,44113.0
TFYR of Macedonia,2014,43330.0
TFYR of Macedonia,2011,428.0
TFYR of Macedonia,2007,12345.0
TFYR of Macedonia,2003,336.0
Thailand,2016,68360.0
Thailand,2015,765.0
Thailand,2014,135713554.0
Thailand,2013,360125894.0
Thailand,2012,213046692.0
Thailand,2011,329483457.0
Thailand,2010,53724949.0
Thailand,2009,43573531.0
Thailand,2008,261989730.0
Thailand,2007,145517442.0
Thailand,2006,64468652.0
Thailand,2004,1282491.0
Thailand,2003,28273915.0
Thailand,2002,18045897.0
Thailand,2001,36262652.0
Thailand,2000,5086152.0
Thailand,1999,5334563.0
Thailand,1998,14896491.0
Thailand,1997,29306017.0
Thailand,1996,20109.0
Thailand,1995,2508454.0
Thailand,1994,3910155.0
Thailand,1992,538491.0
Togo,2017,7090.2698138999995
Togo,2014,4571943.0
Togo,2013,882604.0
Togo,2012,2803024.0
Togo,2011,35117.0
Togo,2010,138371.0
Togo,2009,1628489.0
Togo,2008,21757.0
Togo,2007,10796.0
Togo,2005,25294.0
Togo,2004,36121.0
Togo,2003,243034.0
Togo,2002,292237.0
Togo,2001,216136.0
Togo,2000,113544.0
Togo,1999,11386.0
Togo,1998,108683.0
Togo,1997,24172.0
Togo,1996,949927.0
Togo,1995,262640.0
Togo,1994,13039.0
Tunisia,2002,169347.0
Tunisia,1998,19244.0
Tunisia,1997,12869.0
Tunisia,1996,25639.0
Turkey,2017,17937.0
Turkey,2014,3828.0
Turkey,2013,207136.0
Turkey,2012,1657423.0
Turkey,2011,1963767.0
Turkey,2008,35285.0
Turkey,2004,87137.0
Turkey,2003,2400.0
Turkey,2001,381.0
Turkey,1998,145120.0
Turkey,1997,41472.0
Turkey,1996,5280.0
Turkey,1995,21266.0
Turkey,1994,682.0
Uganda,2016,27976.0
Uganda,2015,793.0
Uganda,2011,3851.0
Uganda,2007,139.0
Uganda,2006,36500.0
Uganda,2005,11591.0
Uganda,2002,166898.0
Uganda,2001,776.0
Uganda,2000,14513.0
Uganda,1999,520408.0
Uganda,1998,3121892.0
Uganda,1997,5004.0
Uganda,1994,7243.0
Ukraine,2016,123320.43
Ukraine,2012,58.0
Ukraine,2011,60.0
Ukraine,2010,77.0
Ukraine,2009,43.0
United Arab Emirates,2016,715.0
United Arab Emirates,2014,62787.0
United Arab Emirates,2013,80375.0
United Arab Emirates,2012,849952.0
United Arab Emirates,2008,17151881.0
United Arab Emirates,2007,9439434.0
United Arab Emirates,2005,3327238.0
United Kingdom,2017,10729505.362632198
United Kingdom,2016,1163595.0
United Kingdom,2015,2372759.0
United Kingdom,2014,2017382.0
United Kingdom,2013,3071995.0
United Kingdom,2012,3325552.0
United Kingdom,2011,21277287.0
United Kingdom,2010,2737219.0
United Kingdom,2009,2157339.0
United Kingdom,2008,2596021.0
United Kingdom,2007,1705539.0
United Kingdom,2006,8781542.0
United Kingdom,2005,12945408.0
United Kingdom,2004,13544710.0
United Kingdom,2003,4144185.0
United Kingdom,2002,8551169.0
United Kingdom,2001,658384.0
United Kingdom,2000,52771.0
United Kingdom,1999,323939.0
United Kingdom,1998,835262.0
United Kingdom,1997,2001637.0
United Kingdom,1996,647230.0
United Kingdom,1995,783237.0
United Kingdom,1994,645584.0
United Kingdom,1993,1585536.0
United Rep. of Tanzania,2017,207250.0
United Rep. of Tanzania,2016,33722.0
United Rep. of Tanzania,2015,898150.0
United Rep. of Tanzania,2014,4695434.0
United Rep. of Tanzania,2013,1576.0
United Rep. of Tanzania,2012,1624072.0
United Rep. of Tanzania,2011,83061.0
United Rep. of Tanzania,2010,6933.0
United Rep. of Tanzania,2009,13309.0
United Rep. of Tanzania,2008,3332612.0
United Rep. of Tanzania,2007,25000.0
United Rep. of Tanzania,2006,890078.0
United Rep. of Tanzania,2005,325.0
United Rep. of Tanzania,2004,262.0
United Rep. of Tanzania,2003,10436.0
United Rep. of Tanzania,2002,37466.0
United Rep. of Tanzania,2001,44881.0
United Rep. of Tanzania,2000,94401.0
United Rep. of Tanzania,1999,372905.0
United Rep. of Tanzania,1998,285054.0
United Rep. of Tanzania,1997,204545.0
USA,2017,3029367.0
USA,2016,2398667.0
USA,2015,1258554.0
USA,2014,328527.0
USA,2013,24760810.0
USA,2012,8779151.0
USA,2011,4855640.0
USA,2010,1339840.0
USA,2009,2132512.0
USA,2008,1428596.0
USA,2007,751810.0
USA,2006,508802.0
USA,2005,440954.0
USA,2004,694398.0
USA,2003,419156.0
USA,2002,314985.0
USA,2001,281957.0
USA,2000,301817.0
USA,1999,225563.0
USA,1998,349775.0
USA,1997,338733.0
USA,1996,898642.0
USA,1995,425174.0
USA,1994,620378.0
USA,1993,201903.0
USA,1992,486272.0
USA,1991,413191.0
Venezuela,2001,40198.0
Venezuela,2000,25276.0
Venezuela,1998,930000.0
Venezuela,1996,286199.0
Viet Nam,2011,125006.0
Viet Nam,2007,49238.0
Viet Nam,2005,360.0
Viet Nam,2004,10707.0
Viet Nam,2003,122926.0
Viet Nam,2002,28934.0
Viet Nam,2001,359039.0
Viet Nam,2000,1220000.0
Yemen,2014,558.0
Yemen,2012,504.0
Yemen,2010,162.0
Yemen,2005,11635.0
Yemen,2004,39245.0
Zambia,2017,101438.21
Zambia,2009,129.0
Zambia,2000,13787.0
Zambia,1998,7867.0
Zimbabwe,2000,55.0
